candname,cf_score,congdist,party
"GOHMERT, LOUIS B. MR. JR.",1.237442897,1,200
"POE, TED",0.9506948609999999,2,200
"LINGENFELDER, JOHN JR",-1.4635152340000002,3,100
"JOHNSON, SAMUEL ROBERT",1.042174632,3,200
"HALL, RALPH MOODY",0.918165592,4,200
"BERRY, TOM",-0.7511324290000001,5,100
"HENSARLING, THOMAS JEB",1.094709335,5,200
"COZAD, DAVID EDWIN",-1.924712791,6,100
"BARTON, JOE LINUS",1.027429813,6,200
"CULBERSON, JOHN A",1.061728159,7,200
"BRADY, KEVIN",0.8796191390000001,8,200
"MUELLER, STEVE C",1.5025472380000002,9,200
"ANKRUM, GEORGE THEODORE",-1.326762057,10,100
"MCCAUL, MICHAEL",1.078150772,10,200
"CONAWAY, K MICHAEL",1.2133153190000001,11,200
"SMITH, TRACEY",-0.853333514,12,100
"GRANGER, KAY",0.949480158,12,200
"THORNBERRY, WILLIAM MCCLELLAN ""MAC""",1.283999495,13,200
"PRUETT, ROBERT C JR",-1.387796636,14,100
"PAUL, RON",1.5696265269999998,14,200
"ZAMORA, EDDIE",1.41218636,15,200
"HINOJOSA, RUBEN E",-0.237012158,15,100
"REYES, SILVESTRE",-0.006380456,16,100
"FLORES, BILL",1.244692519,17,200
"EDWARDS, THOMAS CHESTER",-0.34342286200000005,17,100
"FAULK, JOHN M MR. SR.",1.265305601,18,200
"LEE, SHEILA JACKSON",-0.285584735,18,100
"WILSON, ANDY",-1.187064189,19,100
"NEUGEBAUER, ROBERT RANDOLPH (RANDY)",1.1967728659999999,19,200
"TROTTER, CLAYTON",1.3922042609999998,20,200
"GONZALEZ, CHARLES A",-0.12537578,20,100
"MELNICK, LAINEY",-1.324968017,21,100
"SMITH, LAMAR S",1.060858053,21,200
"ROGERS, LAKESHA D",-4.68387099,22,100
"OLSON, PETER G",1.101250462,22,200
"CANSECO, FRANCISCO 'QUICO'",1.135955281,23,200
"RODRIGUEZ, CIRO D",-0.48557633299999997,23,100
"ROSZELL, FRANK",1.4851096540000002,24,200
"MARCHANT, KENNY EWELL",0.9258354999999999,24,200
"CAMPBELL, DONNA DR.",1.4442198069999999,25,200
"DOGGETT, LLOYD",-0.7742493140000001,25,100
"DURRANCE, NEIL L",-1.321638635,26,100
"BURGESS, MICHAEL CLIFTON",1.059118823,26,200
"FARENTHOLD, RANDOLPH BLAKE",1.084053203,27,200
"ORTIZ, SOLOMON P",0.09572237900000001,27,100
"UNDERWOOD, BRYAN KEITH",1.408495633,28,200
"CUELLAR, ROBERTO ENRIQUE",0.272144715,28,100
"MORALES, ROGELIO 'ROY' JR",1.291942283,29,200
"GREEN, RAYMOND E. 'GENE'",-0.46750016,29,100
"BRODEN, STEPHEN EDWARD",1.433458295,30,200
"JOHNSON, EDDIE BERNICE",-0.341880461,30,100
"CARTER, JOHN RICE",1.021821672,31,200
"RAGGIO, GRIER",-0.8947207640000001,32,100
"SESSIONS, PETER ANDERSON",1.063418079,32,200
